Submission_ID;Submission_date;Virus_Acronym;Sequence_ID;Isolate;Bioproject;Country
3004499;14/09/2025;BNYVV;BNYVV_SRR2012580_RNA2;SRR2012580;PRJNA283237;China
3004499;15/09/2025;BNYVV;BNYVV_SRR2012580_RNA3;SRR2012580;PRJNA283237;China
3004510;16/09/2025;BBWV2;BBWV2_SRR16591799_RNA1;SRR16591799;PRJNA760286;China
3004510;17/09/2025;BBWV2;BBWV2_SRR16591799_RNA2;SRR16591799;PRJNA760286;China
3004510;18/09/2025;BBWV2;BBWV2_SRR13753805_RNA2;SRR13753805;PRJNA703321;China
2996843;19/09/2025;CVX;CVX_SRR12876607;SRR12876607;PRJNA669257;China
3004516;20/09/2025;CpRLV2;CpRLV2_SRR22225475;SRR22225475;PRJNA899319;China
3004520;21/09/2025;EAPV;EAPV_SRR16573718;SRR16573718;PRJNA760286;China
3004809;22/09/2025;GFabV;GFabV_SRR15793081_RNA1;SRR15793081;PRJNA760286;China
3004809;23/09/2025;GFabV;GFabV_SRR15793081_RNA2;SRR15793081;PRJNA760286;China
3004810;24/09/2025;LMoV;LMoV_SRR13124375;SRR13124375;PRJNA680456;China
3004814;25/09/2025;PotVH;PotVH_SRR15057280_RNA1;SRR15057280;PRJNA744344;China
3004814;26/09/2025;PotVH;PotVH_SRR25654682_RNA1;SRR25654682;PRJNA1004100;China
3004816;27/09/2025;PVY;PVY_SRR10008493;SRR10008493;PRJNA561268;China
3004818;28/09/2025;SYSV;SYSV_SRR15836373;SRR15836373;PRJNA762115;China
3004819;29/09/2025;SCMV;SCMV_SRR5722160;SRR5722160;PRJNA310678;China
3004823;30/09/2025;TYLCV;TYLCV_SRR7275399;SRR7275399;PRJNA474994;China
3005200;1/10/2025;PaaAV1;PaaAV1_SRR9842179;SRR9842179;PRJNA550294;China
3005206;2/10/2025;PpgaOV1;PpgaOV1_SRR18919255_RNA3;SRR18919255;PRJNA739531;China
3005206;3/10/2025;CalanOV1;CalanOV1_DRR172088_RNA3;NA;PRJDB6652;Japan
3005210;4/10/2025;OfaBLV1;OfaBLV1_SRR10189348_RNA1;SRR10189348;PRJNA574279;Greece
3005210;5/10/2025;HfaBLV1;HfaBLV1_SRR5722142_RNA1;SRR5722142;PRJNA310678;China
3005210;6/10/2025;OmaBLV1;OmaBLV1_SRR27827613_RNA1;SRR27827613;PRJNA1071039;Poland
3005210;7/10/2025;OhaBLV1;OhaBLV1_SRR8863099_RNA1;SRR8863099;PRJNA531300;India
3006228;8/10/2025;GraBLV1;GraBLV1_SRR8175675_RNA1;SRR8175675;PRJNA504609;Italy
3005210;9/10/2025;EhaBLV1;EhaBLV1_SRR27827655_RNA1;SRR27827655;PRJNA1071039;Poland
3005210;10/10/2025;EhaBLV1;EhaBLV1_SRR27827664_RNA1;SRR27827664;PRJNA1071039;Poland
3005656;11/10/2025;VanShV1;VanShV1_SRR5722151_RNA1;SRR5722151;PRJNA310678;China
3005659;12/10/2025;CfaCVL1;CfaCVL1_SRR26456932_RNA1;SRR26456932;PRJNA1029356;China
3005663;13/10/2025;PaCVL1;PaCVL1_SRR6513343_RNA1;SRR6513343;PRJNA431671;China
3005663;14/10/2025;PaCVL1;PaCVL1_SRR1413312_RNA1;SRR1413312;PRJNA252662;uncalculated
3005663;15/10/2025;PaCVL2;PaCVL2_SRR15793056_RNA1;SRR15793056;PRJNA760286;China
3005663;16/10/2025;PaCVL2;PaCVL2_SRR1413099_RNA1;SRR1413099;PRJNA252662;uncalculated
3005663;17/10/2025;PaCVL2;PaCVL2_SRR1405683_RNA1;SRR1405683;PRJNA252662;uncalculated
3005673;18/10/2025;EaDV;EaDV_SRR27827662_RNA1;SRR27827662;PRJNA1071039;Poland
3005679;19/10/2025;DfaDLV;DfaDLV_SRR17665597_RNA1;SRR17665597;PRJNA317244;Hungary
3005682;20/10/2025;EhaBV;EhaBV_SRR27827655_RNA1;SRR27827655;PRJNA1071039;Poland
3005682;21/10/2025;PhaBV;PhaBV_SRR6513338_RNA1;SRR6513338;PRJNA431671;China
3005682;22/10/2025;ClaBV;ClaBV_SRR26456953_RNA1;SRR26456953;PRJNA1029356;China
3005682;23/10/2025;CsaBV;CsaBV_SRR15368600_RNA1;SRR15368600;PRJNA752837;USA
3005688;24/10/2025;MaBV1;MaBV1_SRR6127592;SRR6127592;PRJNA412930;USA
3005688;25/10/2025;DaBV1;DaBV1_SRR14635797;SRR14635797;PRJNA732289;uncalculated
3005688;26/10/2025;PaBaV1;PaBaV1_SRR21460664;SRR21460664;PRJNA877420;China
3005688;27/10/2025;PaBaV1;PaBaV1_SRR9842189;SRR9842189;PRJNA550294;China
3005688;28/10/2025;PaBaV2;PaBaV2_SRR21460660;SRR21460660;PRJNA877420;China
3005688;29/10/2025;PaBaV3;PaBaV3_SRR21460662;SRR21460662;PRJNA877420;China
3005688;30/10/2025;PaBaV4;PaBaV4_SRR9842184;SRR9842184;PRJNA550294;China
3005688;31/10/2025;PaBaV4;PaBaV4_SRR14793834;SRR14793834;PRJNA737079;uncalculated
3005693;1/11/2025;CyaAEDV1;CyaAEDV1_SRR16349014;SRR16349014;PRJNA771426;China
3005693;2/11/2025;EpAEDV1;EpAEDV1_SRR7030606;SRR7030606;PRJNA450088;France
3005693;3/11/2025;EpEDV2;EpEDV2_SRR7030609;SRR7030609;PRJNA450088;France
3005693;4/11/2025;HdAEDV1;HdAEDV1_SRR5722143;SRR5722143;PRJNA310678;China
3005693;5/11/2025;LaAEDV1;LaAEDV1_SRR12850912;SRR12850912;PRJNA670210;nan
3005696;6/11/2025;DoaBV1;DoaBV1_SRR21782702_RNA1;SRR21782702;PRJNA881972;China
3005696;7/11/2025;DoaBV1;DoaBV1_SRR21782702_RNA2;SRR21782702;PRJNA881972;China
3005697;8/11/2025;OphrDPV1;OphrDPV1_SRR10189299_RNA1_RdRp;SRR10189299;PRJNA574279;Greece
3005697;9/11/2025;OphrDPV1;OphrDPV1_SRR10189310_RNA1_RdRp;SRR10189310;PRJNA574279;Italy
3005697;10/11/2025;OphrDPV1;OphrDPV1_SRR10189341_RNA1_RdRp;SRR10189341;PRJNA574279;Greece
3005697;11/11/2025;OphrDPV2;OphrDPV2_SRR10189297;SRR10189297;PRJNA574279;Greece
3005697;12/11/2025;OphrDPV3;OphrDPV3_SRR10189295;SRR10189295;PRJNA574279;Greece
3005697;13/11/2025;OphrDPV3;OphrDPV3_SRR10189297;SRR10189297;PRJNA574279;Greece
3005697;14/11/2025;OphrDPV4;OphrDPV4_SRR10189296_RNA1;SRR10189296;PRJNA574279;Greece
3005697;15/11/2025;OphrDPV4;OphrDPV4_SRR10189303_RNA1;SRR10189303;PRJNA574279;Italy
3005697;16/11/2025;OphrDPV4;OphrDPV4_SRR10189312_RNA1;SRR10189312;PRJNA574279;Italy
3005697;17/11/2025;OphrDPV4;OphrDPV4_SRR10189319_RNA1;SRR10189319;PRJNA574279;Greece
3005697;18/11/2025;OphrDPV6;OphrDPV6_SRR10189296_RNA1;SRR10189296;PRJNA574279;Greece
3005697;19/11/2025;OphrDPV6;OphrDPV6_SRR10189297_RNA1;SRR10189297;PRJNA574279;Greece
3005697;20/11/2025;CymbDPV1;CymbDPV1_SRR11443148_RNA1;SRR11443148;PRJNA615961;China
3005697;21/11/2025;CymbDPV1;CymbDPV1_SRR12087335_RNA1;SRR12087335;PRJNA641763;China
3005697;22/11/2025;CymbDPV1;CymbDPV1_SRR13674030_RNA1;SRR13674030;PRJNA701082;China
3005697;23/11/2025;CymbDPV1;CymbDPV1_SRR8438324_RNA1;SRR8438324;PRJNA514425;China
3005697;24/11/2025;CymbDPV1;CymbDPV1_SRR11440590_RNA1;SRR11440590;PRJNA615961;China
3005697;25/11/2025;CymbDPV1;CymbDPV1_SRR15058104_RNA1;SRR15058104;PRJNA744371;China
3005697;26/11/2025;NeotDPV1;NeotDPV1_SRR11805799_RNA1;SRR11805799;PRJNA633477;Poland
3005697;27/11/2025;CorDPV2;CorDPV2_SRR12619957_RNA1;SRR12619957;PRJNA661963;Australia
3005697;28/11/2025;CorDPV1;CorDPV1_SRR12619957_RNA1;SRR12619957;PRJNA661963;Australia
3005697;29/11/2025;CalanthDPV3;CalanthDPV3_SRR12876597_RNA1;SRR12876597;PRJNA669257;China
3005697;30/11/2025;DendrDPV1;DendrDPV1_SRR13425885_RNA1;SRR13425885;PRJNA691441;China
3005697;1/12/2025;PaphDPV3;PaphDPV3_SRR1405683_RNA1;SRR1405683;PRJNA252662;uncalculated
3005697;2/12/2025;PaphDPV3;PaphDPV3_SRR15793048_RNA1;SRR15793048;PRJNA760286;China
3005697;3/12/2025;PaphDPV1;PaphDPV1_SRR1405687_RNA1;SRR1405687;PRJNA253344;uncalculated
3005697;4/12/2025;PaphDPV1;PaphDPV1_SRR15912634_RNA1;SRR15912634;PRJNA760286;China
3005697;5/12/2025;DendrDPV4;DendrDPV4_SRR24751332_RNA1;SRR24751332;PRJNA976822;China
3005697;6/12/2025;DendrDPV4;DendrDPV4_SRR8887201_RNA1;SRR8887201;PRJNA532339;China
3005697;7/12/2025;PaphDPV6;PaphDPV6_SRR9842184_RNA1;SRR9842184;PRJNA550294;China
3005697;8/12/2025;CymbDPV2;CymbDPV2_SRR15058106_RNA1;SRR15058106;PRJNA744371;China
3005697;9/12/2025;CoralDPV1;CoralDPV1_SRR15368600_RNA1;SRR15368600;PRJNA752837;USA
3005697;10/12/2025;DacthCV2;DacthCV2_SRR17665606_RNA1;SRR17665606;PRJNA317244;Hungary
3005697;11/12/2025;DacthCV2;DacthCV2_SRR3330398_RNA1;SRR3330398;PRJNA317244;Sweden
3005697;12/12/2025;DacthCV1;DacthCV1_SRR3330393_RNA1;SRR3330393;PRJNA317244;France
3005697;13/12/2025;DacthDPV4;DacthDPV4_SRR17665611;SRR17665611;PRJNA317244;Hungary
3005697;14/12/2025;DacthDPV4;DacthDPV4_SRR3330400;SRR3330400;PRJNA317244;United_Kingdom
3005697;15/12/2025;DacthDPV6;DacthDPV6_SRR17665618;SRR17665618;PRJNA317244;Hungary
3005697;16/12/2025;HabDPV2;HabDPV2_SRR1867575_RNA1;SRR1867575;PRJNA277581;Taiwan
3005697;17/12/2025;PlatDPV1;PlatDPV1_SRR18919246;SRR18919246;PRJNA739531;China
3005697;18/12/2025;PlatDPV2;PlatDPV2_SRR18919258;SRR18919258;PRJNA739531;China
3005697;19/12/2025;ErycDPV2;ErycDPV2_SRR1913867;SRR1913867;PRJNA278061;Taiwan
3005697;20/12/2025;DacthDPV5;DacthDPV5_SRR3330395;SRR3330395;PRJNA317244;United_Kingdom
3005697;21/12/2025;SerapDPV1;SerapDPV1_SRR4270980;SRR4270980;PRJNA343607;nan
3005697;22/12/2025;HemDPV2;HemDPV2_SRR5722142;SRR5722142;PRJNA310678;China
3005697;23/12/2025;HemDPV4;HemDPV4_SRR5722142;SRR5722142;PRJNA310678;China
3005697;24/12/2025;HemDPV6;HemDPV6_SRR5722142;SRR5722142;PRJNA310678;China
3005697;25/12/2025;HabDPV1;HabDPV1_SRR5722143;SRR5722143;PRJNA310678;China
3005697;26/12/2025;GalDPV1;GalDPV1_SRR5722169;SRR5722169;PRJNA310678;China
3005697;27/12/2025;PhragDPV1;PhragDPV1_SRR6127594;SRR6127594;PRJNA412930;USA
3005697;28/12/2025;EpipDPV5;EpipDPV5_SRR7030607;SRR7030607;PRJNA450088;Luxembourg
3005697;29/12/2025;EpipDPV5;EpipDPV5_SRR7030609;SRR7030609;PRJNA450088;France
3005697;30/12/2025;EpipDPV3;EpipDPV3_SRR7030609;SRR7030609;PRJNA450088;France
3005697;31/12/2025;CyprDPV1;CyprDPV1_SRR7466547;SRR7466547;PRJNA479379;China
3005697;1/01/2026;CyprDPV1;CyprDPV1_SRR26456931;SRR26456931;PRJNA1029356;China
3005697;2/01/2026;CyprDPV1;CyprDPV1_SRR26456953;SRR26456953;PRJNA1029356;China
3005697;3/01/2026;ErycDPV1;ErycDPV1_SRR7649989;SRR7649989;PRJNA483943;Panama
3005697;4/01/2026;GymnDPV5;GymnDPV5_SRR8175671;SRR8175671;PRJNA504609;Italy
3005697;5/01/2026;GymnDPV7;GymnDPV7_SRR8175671;SRR8175671;PRJNA504609;Italy
3005697;6/01/2026;GymnDPV1;GymnDPV1_SRR8175673;SRR8175673;PRJNA504609;Switzerland
3005697;7/01/2026;GymnDPV2;GymnDPV2_SRR8175718;SRR8175718;PRJNA504609;Switzerland
3005697;8/01/2026;GymnDPV4;GymnDPV4_SRR8175725;SRR8175725;PRJNA504609;Switzerland
3005697;9/01/2026;PaphDPV5;PaphDPV5_SRR9842179;SRR9842179;PRJNA550294;China
3005697;10/01/2026;GymnDPV6;GymnDPV6_SRR22671435;SRR22671435;PRJNA910785;China
3005697;11/01/2026;GlossDPV1;GlossDPV1_SRR26799544;SRR26799544;PRJNA1039539;Australia
3005697;12/01/2026;OphrDPV5;OphrDPV5_SRR10189334;SRR10189334;PRJNA574279;Italy
3005697;13/01/2026;DendrDPV2;DendrDPV2_SRR12805748;SRR12805748;PRJNA668448;uncalculated
3005697;14/01/2026;DendrDPV2;DendrDPV2_SRR15036782;SRR15036782;PRJNA725550;China
3005697;15/01/2026;DendrDPV2;DendrDPV2_SRR24083826;SRR24083826;PRJNA952313;China
3005697;16/01/2026;EpidDPV1;EpidDPV1_SRR13069835;SRR13069835;PRJNA678229;Brazil
3005697;17/01/2026;PaphDPV2;PaphDPV2_SRR13330707;SRR13330707;PRJNA684752;uncalculated
3005697;18/01/2026;PaphDPV2;PaphDPV2_SRR1405685;SRR1405685;PRJNA252662;uncalculated
3005697;19/01/2026;PaphDPV2;PaphDPV2_SRR15793056;SRR15793056;PRJNA760286;China
3005697;20/01/2026;PaphDPV2;PaphDPV2_SRR5722160;SRR5722160;PRJNA310678;China
3005697;21/01/2026;PaphDPV2;PaphDPV2_SRR6513332;SRR6513332;PRJNA431671;China
3005697;22/01/2026;PaphDPV4;PaphDPV4_SRR14793823;SRR14793823;PRJNA737079;uncalculated
3005697;23/01/2026;CremDPV1;CremDPV1_SRR15887019;SRR15887019;PRJNA762946;China
3005697;24/01/2026;GoodDPV1;GoodDPV1_SRR1867375;SRR1867375;PRJNA277580;Taiwan
3005697;25/01/2026;PlatDPV4;PlatDPV4_SRR18919250;SRR18919250;PRJNA739531;China
3005697;26/01/2026;PlatDPV4;PlatDPV4_SRR18919251;SRR18919251;PRJNA739531;China
3005697;27/01/2026;HemDPV5;HemDPV5_SRR5722142;SRR5722142;PRJNA310678;China
3005697;28/01/2026;HemDPV1;HemDPV1_SRR5722142;SRR5722142;PRJNA310678;China
3005697;29/01/2026;EpipDPV1;EpipDPV1_SRR7030597;SRR7030597;PRJNA450088;France
3005697;30/01/2026;EpipDPV2;EpipDPV2_SRR7030607;SRR7030607;PRJNA450088;Luxembourg
3005697;31/01/2026;EpipDPV2;EpipDPV2_SRR7030609;SRR7030609;PRJNA450088;France
3005697;1/02/2026;EpipDPV4;EpipDPV4_SRR7030605;SRR7030605;PRJNA450088;France
3005697;2/02/2026;CyprDPV2;CyprDPV2_SRR7466533;SRR7466533;PRJNA479379;China
3005697;3/02/2026;CyprDPV3;CyprDPV3_SRR7466533;SRR7466533;PRJNA479379;China
3005697;4/02/2026;DendrDPV3;DendrDPV3_SRR8887202;SRR8887202;PRJNA532339;China
3005697;5/02/2026;CalanthDPV1;CalanthDPV1_SRR16768008;SRR16768008;PRJNA766248;China
3006170;6/02/2026;EaPhV1;EaPhV1_SRR7650032;SRR7650032;PRJNA483943;Panama
3006170;7/02/2026;PaPhV1;PaPhV1_SRR25654682;SRR25654682;PRJNA1004100;China
3006170;8/02/2026;CaPhV1;CaPhV1_SRR26456941;SRR26456941;PRJNA1029356;China
3006170;9/02/2026;CaPhV1;CaPhV1_SRR7466546;SRR7466546;PRJNA479379;China
3006170;10/02/2026;CaPhV2;CaPhV2_SRR26456922;SRR26456922;PRJNA1029356;China
3006174;11/02/2026;DaPV1;DaPV1_SRR24694124;SRR24694124;PRJNA975329;China
3006174;12/02/2026;DaPV2;DaPV2_SRR10197565;SRR10197565;PRJNA574692;China
3006174;13/02/2026;PaPotV1;PaPotV1_SRR16596628;SRR16596628;PRJNA760286;China
3006174;14/02/2026;PaPotV2;PaPotV2_SRR16591801;SRR16591801;PRJNA760286;China
3006208;15/02/2026;DCaRV1;DCaRV1_SRR13425885;SRR13425885;PRJNA691441;China
3006210;16/02/2026;CypBCRV2;CypBCRV2_SRR26456899;SRR26456899;PRJNA1029356;China
3006210;17/02/2026;PlaGCRV1;PlaGCRV1_SRR18919244;SRR18919244;PRJNA739531;China
3006215;18/02/2026;OiaVL1;OiaVL1_SRR1238143;SRR1238143;PRJNA244609;uncalculated
3006219;19/02/2026;CaSLV;CaSLV_SRR7275397_RNA2;SRR7275397;PRJNA474994;China
3006220;20/02/2026;DwaPV1;DwaPV1_SRR10295919;SRR10295919;PRJNA577972;China
3006222;21/02/2026;EpaTLV;EpaTLV_SRR13069831;SRR13069831;PRJNA678229;Brazil
3006222;22/02/2026;CaaTLV;CaaTLV_SRR7275399;SRR7275399;PRJNA474994;China
3006225;23/02/2026;GEaTBV1;GEaTBV1_SRR13334631;SRR13334631;PRJNA688757;China
3006226;24/02/2026;CaLaV;CaLaV_SRR16768008;SRR16768008;PRJNA766248;China
3006228;25/02/2026;GraHV1;GraHV1_SRR8175633;SRR8175633;PRJNA504609;Switzerland
3006228;26/02/2026;CyaAEDV1;CyaAEDV1_SRR15194902;SRR15194902;PRJNA743748;China
3006228;27/02/2026;CyaAEDV1;CyaAEDV1_SRR15194902;SRR15194902;PRJNA743748;China
3006228;28/02/2026;CaAEDV1;CaAEDV1_SRR12619952;SRR12619952;PRJNA661963;Australia
3006228;1/03/2026;VaCV1;VaCV1_SRR4010892_RNA1;SRR4010892;PRJNA320814;Taiwan
3006228;2/03/2026;CalaDPV1;CalaDPV1_SRR12619951;SRR12619951;PRJNA661963;Australia
3006228;3/03/2026;CalaDPV1;CalaDPV1_SRR12619953;SRR12619953;PRJNA661963;Australia
3006228;4/03/2026;CalaDPV1;CalaDPV1_SRR12619954;SRR12619954;PRJNA661963;Australia
3006228;5/03/2026;CalaDPV2;CalaDPV2_SRR12619951;SRR12619951;PRJNA661963;Australia
3006228;6/03/2026;CrypDPV1;CrypDPV1_SRR12619943;SRR12619943;PRJNA661963;Australia
3006228;7/03/2026;DacthCV1;DacthCV1_SRR3330396_RNA1;SRR3330396;PRJNA317244;Austria
3006228;8/03/2026;DacthDPV2;DacthDPV2_SRR17665596_RNA1;SRR17665596;PRJNA317244;Hungary
3006228;9/03/2026;DacthDPV7;DacthDPV7_SRR17665596;SRR17665596;PRJNA317244;Hungary
3006228;10/03/2026;DendrDPV2;DendrDPV2_SRR16643616;SRR16643616;PRJNA776418;China
3006228;11/03/2026;DendrDPV4;DendrDPV4_SRR18030164_RNA1;SRR18030164;PRJNA807080;nd
3006228;12/03/2026;GymnDPV3;GymnDPV3_SRR22671435;SRR22671435;PRJNA910785;China
